{
    "anchorpoints": [],
    "portpins": [
        {
            "name": "1",
            "position": [
                -1.7763568394002505e-15,
                -30.0,
                5.7795
            ],
            "rotation": [
                0.0,
                0.0,
                1.0,
                1.0,
                0.0,
                0.0,
                0.0,
                1.0,
                0.0
            ]
        },
        {
            "name": "2",
            "position": [
                6.5997474683058295,
                29.976497041158268,
                5.7795
            ],
            "rotation": [
                0.0,
                0.0,
                -1.0,
                1.0,
                -0.0,
                0.0,
                -0.0,
                -1.0,
                -0.0
            ]
        },
        {
            "name": "3",
            "position": [
                -6.599747468305832,
                29.976497041158268,
                5.7795
            ],
            "rotation": [
                0.0,
                0.0,
                -1.0,
                1.0,
                -0.0,
                0.0,
                -0.0,
                -1.0,
                -0.0
            ]
        }
    ],
    "version": 7
}