{
    "parameters": [
        {
            "expr": "40",
            "name": "width",
            "value": "40"
        },
        {
            "expr": "60",
            "name": "length",
            "value": "60"
        },
        {
            "expr": "1.524",
            "name": "h_sub",
            "value": "1.524"
        },
        {
            "expr": "0.035",
            "name": "h_copper",
            "value": "0.035"
        },
        {
            "expr": "9",
            "name": "Out_rad",
            "value": "9"
        },
        {
            "expr": "7",
            "name": "In_rad",
            "value": "7"
        },
        {
            "expr": "2",
            "name": "h_ram1",
            "value": "2"
        },
        {
            "expr": "1.3",
            "name": "mezera",
            "value": "1.3"
        },
        {
            "expr": "7",
            "name": "lengthram",
            "value": "7"
        }
    ],
    "version": 1
}