{
    "date": "2026-01-18, 5:23:14 PM, Türkiye Standart Saati",
    "solver_runs_and_tasks": {
        "module_name": "standard simulation project",
        "solver_run": {
            "license_and_hardware_request": {
                "in_use": true,
                "license_type": "CST legacy token",
                "mpi": {
                    "consistency_check": true,
                    "num_different_mpi_nodes": 0,
                    "num_local_mpi_nodes": 0,
                    "num_mpi_nodes": 0
                },
                "num_cpu_sockets": 1,
                "num_dc_nodes": 0,
                "num_gpus": 0,
                "num_physical_cores": -1,
                "num_threads": 1024
            },
            "opt_par_run_id": 1,
            "return_code": 1,
            "solver_hwacc_usage": {
                "info": "gathered from solver run",
                "mpi": {
                    "consistency_check": true,
                    "num_different_mpi_nodes": 0,
                    "num_local_mpi_nodes": 0,
                    "num_mpi_nodes": 0
                },
                "num_cpu_sockets": 1,
                "num_dc_nodes": 0,
                "num_gpus": 0,
                "num_threads_or_physical_cores": 4
            },
            "solver_used": "HF Time Domain (Hex)",
            "task_name": "solver run",
            "time_info": {
                "details": {
                    "discretizer": 8,
                    "solver": 4
                },
                "run_time": 86
            }
        }
    },
    "studio-version": "2024.4 Release from 2024-04-30 (change 1266454)",
    "version": 1
}